Year,max_drawdown_pct_pos
2019,7.500004706884678
2020,20.910380976824626
2021,8.575200708955162
2022,28.823530050627493
2023,6.777113068690433
2024,19.8804226433582
2025,18.123896776047427
