Year,year_avg_close
2019,29.75206578572591
2020,27.741924361878656
2021,29.296197898864747
2022,33.327811841041814
2023,31.999269508453736
2024,29.125000076293944
2025,25.505217336571736
