Year,first_close,last_close,year_return_pct
2019,29.09090805053711,29.132230758666992,0.14
2020,29.008264541625977,28.92561912536621,-0.28
2021,28.801652908325195,29.586776733398438,2.73
2022,29.380165100097656,29.18181800842285,-0.68
2023,29.454544067382812,33.0,12.04
2024,33.04999923706055,28.049999237060547,-15.13
2025,28.049999237060547,24.399999618530273,-13.01
